<?xml version="1.0" encoding="utf-8"?>
<feed xmlns="http://www.w3.org/2005/Atom">
  <title>Gsl&#39;s Library</title>
  
  <subtitle>如颖随行</subtitle>
  <link href="/atom.xml" rel="self"/>
  
  <link href="https://gsl201600.github.io/"/>
  <updated>2018-12-14T10:07:34.393Z</updated>
  <id>https://gsl201600.github.io/</id>
  
  <author>
    <name>Gsl</name>
    
  </author>
  
  <generator uri="http://hexo.io/">Hexo</generator>
  
  <entry>
    <title>iOS timer定时器正确使用方式</title>
    <link href="https://gsl201600.github.io/2018/11/30/iOSTimer/"/>
    <id>https://gsl201600.github.io/2018/11/30/iOSTimer/</id>
    <published>2018-11-30T06:44:28.000Z</published>
    <updated>2018-12-14T10:07:34.393Z</updated>
    
    <content type="html"><![CDATA[<p><strong>1. 初始化，添加定时器前先移除</strong><br><figure class="highlight plain"><table><tr><td class="gutter"><pre><span class="line">1</span><br><span class="line">2</span><br><span class="line">3</span><br><span class="line">4</span><br></pre></td><td class="code"><pre><span class="line">[self.timer invalidate];</span><br><span class="line">self.timer = nil;</span><br><span class="line">self.timer = [NSTimer scheduledTimerWithTimeInterval:2.f target:self selector:@selector(lookforCard:) userInfo:nil repeats:YES];</span><br><span class="line">[[NSRunLoop currentRunLoop] addTimer:self.timer forMode:NSRunLoopCommonModes];</span><br></pre></td></tr></table></figure></p><p><strong>2. 释放timer</strong><br><figure class="highlight plain"><table><tr><td class="gutter"><pre><span class="line">1</span><br><span class="line">2</span><br></pre></td><td class="code"><pre><span class="line">[self.timer invalidate];</span><br><span class="line">self.timer = nil;</span><br></pre></td></tr></table></figure></p><p><strong>3. NSTimer不释放原因</strong></p><ul><li>原因是 Timer 添加到 Runloop 的时候，会被 Runloop 强引用；然后 Timer 又会有一个对 Target 的强引用（也就是 self ）<blockquote><p>注意target参数的描述：<br>The object to which to send the message specified by aSelector when the timer fires. The timer maintains a strong reference to target until it (the timer) is invalidated.<br>注意：文档中写的很清楚，timer对target会有一个强引用，直到timer is invalidated。也就是说，在timer调用 invalidate方法之前，timer对target一直都有一个强引用。这也是为什么控制器的dealloc 方法不会被调用的原因。<br>方法的文档介绍：<br>The receiver retains aTimer. To remove a timer from all run loop modes on which it is installed, send an invalidate message to the timer.<br>也就是说，runLoop会对timer有强引用，因此，timer修饰符是weak，timer还是不能释放，timer的target也就不能释放。</p></blockquote></li></ul><p><strong>4. 解决办法</strong> </p><ul><li><p><code>viewWillDisappear</code>或 <code>viewDidDisappear</code>中 invalidate<br>这种方式是可以释放掉的，但如果我只是想在离开此页时要释放，进入下一页时不要释放，场景就不适用了</p><figure class="highlight plain"><table><tr><td class="gutter"><pre><span class="line">1</span><br><span class="line">2</span><br></pre></td><td class="code"><pre><span class="line">- (void)viewWillDisappear:(BOOL)animated</span><br><span class="line">- (void)viewDidDisappear:(BOOL)animated</span><br></pre></td></tr></table></figure></li><li><p>添加一个NSTimer类的扩展，把target指给[NSTimer class]，事件由加方法接收，然后把事件通过block传递出来</p><figure class="highlight plain"><table><tr><td class="gutter"><pre><span class="line">1</span><br><span class="line">2</span><br><span class="line">3</span><br><span class="line">4</span><br><span class="line">5</span><br><span class="line">6</span><br><span class="line">7</span><br><span class="line">8</span><br><span class="line">9</span><br><span class="line">10</span><br><span class="line">11</span><br><span class="line">12</span><br><span class="line">13</span><br><span class="line">14</span><br><span class="line">15</span><br><span class="line">16</span><br><span class="line">17</span><br><span class="line">18</span><br><span class="line">19</span><br><span class="line">20</span><br><span class="line">21</span><br></pre></td><td class="code"><pre><span class="line">@interface NSTimer (Block)</span><br><span class="line"></span><br><span class="line">+ (instancetype)scheduledTimerWithTimeInterval:(NSTimeInterval)interval repeats:(BOOL)repeats block:(void(^)(NSTimer *timer))block;</span><br><span class="line"></span><br><span class="line">@end</span><br><span class="line"></span><br><span class="line">@implementation NSTimer (Block)</span><br><span class="line"></span><br><span class="line">+ (instancetype)scheduledTimerWithTimeInterval:(NSTimeInterval)interval repeats:(BOOL)repeats block:(void(^)(NSTimer *timer))block&#123;</span><br><span class="line">NSTimer *timer = [NSTimer scheduledTimerWithTimeInterval:interval target:self selector:@selector(trigger:) userInfo:[block copy] repeats:repeats];</span><br><span class="line">return timer;</span><br><span class="line">&#125;</span><br><span class="line"></span><br><span class="line">+ (void)trigger:(NSTimer *)timer&#123;</span><br><span class="line">void(^block)(NSTimer *timer) = [timer userInfo];</span><br><span class="line">if (block) &#123;</span><br><span class="line">block(timer);</span><br><span class="line">&#125;</span><br><span class="line">&#125;</span><br><span class="line"></span><br><span class="line">@end</span><br></pre></td></tr></table></figure></li><li><p>使用示例</p><figure class="highlight plain"><table><tr><td class="gutter"><pre><span class="line">1</span><br><span class="line">2</span><br><span class="line">3</span><br><span class="line">4</span><br><span class="line">5</span><br><span class="line">6</span><br><span class="line">7</span><br><span class="line">8</span><br><span class="line">9</span><br><span class="line">10</span><br><span class="line">11</span><br><span class="line">12</span><br><span class="line">13</span><br><span class="line">14</span><br><span class="line">15</span><br><span class="line">16</span><br><span class="line">17</span><br><span class="line">18</span><br><span class="line">19</span><br><span class="line">20</span><br><span class="line">21</span><br><span class="line">22</span><br></pre></td><td class="code"><pre><span class="line">@interface SecondViewController ()</span><br><span class="line"></span><br><span class="line">@property (nonatomic, strong) NSTimer *timer;</span><br><span class="line"></span><br><span class="line">@end</span><br><span class="line"></span><br><span class="line">@implementation SecondViewController</span><br><span class="line"></span><br><span class="line">- (void)viewDidLoad &#123;</span><br><span class="line">[super viewDidLoad];</span><br><span class="line">__weak typeof(self) weakSelf = self;</span><br><span class="line">self.timer = [NSTimer scheduledTimerWithTimeInterval:0.5 repeats:YES block:^(NSTimer * _Nonnull timer) &#123;</span><br><span class="line">[weakSelf doSomeThing];</span><br><span class="line">&#125;];</span><br><span class="line">[[NSRunLoop currentRunLoop] addTimer:self.timer forMode:NSRunLoopCommonModes];</span><br><span class="line">&#125;</span><br><span class="line"></span><br><span class="line">- (void)dealloc &#123;</span><br><span class="line">[self.timer invalidate];</span><br><span class="line">&#125;</span><br><span class="line"></span><br><span class="line">@end</span><br></pre></td></tr></table></figure></li></ul><p><strong>5. invalidate方法注意事项</strong></p><blockquote><p>invalidate方法的介绍：<br>（1）This method is the only way to remove a timer from an NSRunLoop object. The NSRunLoop object removes its strong reference to the timer, either just before the invalidate method returns or at some later point.<br>（2）You must send this message from the thread on which the timer was installed. If you send this message from another thread, the input source associated with the timer may not be removed from its run loop, which could prevent the thread from exiting properly.<br>两点：<br>（1）invalidate方法是唯一能从runloop中移除timer的方式，调用invalidate方法后，runloop会移除对timer的强引用<br>（2）timer的添加和timer的移除（invalidate）需要在同一个线程中，否则timer可能不能正确的移除，线程不能正确退出</p></blockquote>]]></content>
    
    <summary type="html">
    
      
      
        &lt;p&gt;&lt;strong&gt;1. 初始化，添加定时器前先移除&lt;/strong&gt;&lt;br&gt;&lt;figure class=&quot;highlight plain&quot;&gt;&lt;table&gt;&lt;tr&gt;&lt;td class=&quot;gutter&quot;&gt;&lt;pre&gt;&lt;span class=&quot;line&quot;&gt;1&lt;/span&gt;&lt;br&gt;&lt;s
      
    
    </summary>
    
    
      <category term="代码库" scheme="https://gsl201600.github.io/tags/%E4%BB%A3%E7%A0%81%E5%BA%93/"/>
    
  </entry>
  
  <entry>
    <title>OC文</title>
    <link href="https://gsl201600.github.io/2018/11/29/wenzhnagh/"/>
    <id>https://gsl201600.github.io/2018/11/29/wenzhnagh/</id>
    <published>2018-11-29T10:08:15.000Z</published>
    <updated>2018-12-14T10:07:46.761Z</updated>
    
    <summary type="html">
    
    </summary>
    
    
      <category term="代码库" scheme="https://gsl201600.github.io/tags/%E4%BB%A3%E7%A0%81%E5%BA%93/"/>
    
  </entry>
  
  <entry>
    <title>Hello World</title>
    <link href="https://gsl201600.github.io/2018/11/27/hello-world/"/>
    <id>https://gsl201600.github.io/2018/11/27/hello-world/</id>
    <published>2018-11-27T06:57:21.821Z</published>
    <updated>2018-12-14T10:08:04.724Z</updated>
    
    <content type="html"><![CDATA[<p>Welcome to <a href="https://hexo.io/" target="_blank" rel="noopener">Hexo</a>! This is your very first post. Check <a href="https://hexo.io/docs/" target="_blank" rel="noopener">documentation</a> for more info. If you get any problems when using Hexo, you can find the answer in <a href="https://hexo.io/docs/troubleshooting.html" target="_blank" rel="noopener">troubleshooting</a> or you can ask me on <a href="https://github.com/hexojs/hexo/issues" target="_blank" rel="noopener">GitHub</a>.</p><h2 id="Quick-Start"><a href="#Quick-Start" class="headerlink" title="Quick Start"></a>Quick Start</h2><h3 id="Create-a-new-post"><a href="#Create-a-new-post" class="headerlink" title="Create a new post"></a>Create a new post</h3><figure class="highlight bash"><table><tr><td class="gutter"><pre><span class="line">1</span><br></pre></td><td class="code"><pre><span class="line">$ hexo new <span class="string">"My New Post"</span></span><br></pre></td></tr></table></figure><p>More info: <a href="https://hexo.io/docs/writing.html" target="_blank" rel="noopener">Writing</a></p><h3 id="Run-server"><a href="#Run-server" class="headerlink" title="Run server"></a>Run server</h3><figure class="highlight bash"><table><tr><td class="gutter"><pre><span class="line">1</span><br></pre></td><td class="code"><pre><span class="line">$ hexo server</span><br></pre></td></tr></table></figure><p>More info: <a href="https://hexo.io/docs/server.html" target="_blank" rel="noopener">Server</a></p><h3 id="Generate-static-files"><a href="#Generate-static-files" class="headerlink" title="Generate static files"></a>Generate static files</h3><figure class="highlight bash"><table><tr><td class="gutter"><pre><span class="line">1</span><br></pre></td><td class="code"><pre><span class="line">$ hexo generate</span><br></pre></td></tr></table></figure><p>More info: <a href="https://hexo.io/docs/generating.html" target="_blank" rel="noopener">Generating</a></p><h3 id="Deploy-to-remote-sites"><a href="#Deploy-to-remote-sites" class="headerlink" title="Deploy to remote sites"></a>Deploy to remote sites</h3><figure class="highlight bash"><table><tr><td class="gutter"><pre><span class="line">1</span><br></pre></td><td class="code"><pre><span class="line">$ hexo deploy</span><br></pre></td></tr></table></figure><p>More info: <a href="https://hexo.io/docs/deployment.html" target="_blank" rel="noopener">Deployment</a></p>]]></content>
    
    <summary type="html">
    
      
      
        &lt;p&gt;Welcome to &lt;a href=&quot;https://hexo.io/&quot; target=&quot;_blank&quot; rel=&quot;noopener&quot;&gt;Hexo&lt;/a&gt;! This is your very first post. Check &lt;a href=&quot;https://hexo.
      
    
    </summary>
    
    
      <category term="代码库" scheme="https://gsl201600.github.io/tags/%E4%BB%A3%E7%A0%81%E5%BA%93/"/>
    
  </entry>
  
</feed>
