<?xml version="1.0" encoding="utf-8"?>
<feed xmlns="http://www.w3.org/2005/Atom">
  <title>Gsl&#39;s Library</title>
  
  <subtitle>如颖随行</subtitle>
  <link href="/atom.xml" rel="self"/>
  
  <link href="https://gsl201600.github.io/"/>
  <updated>2018-12-19T03:24:29.182Z</updated>
  <id>https://gsl201600.github.io/</id>
  
  <author>
    <name>Gsl</name>
    
  </author>
  
  <generator uri="http://hexo.io/">Hexo</generator>
  
  <entry>
    <title>Hello World</title>
    <link href="https://gsl201600.github.io/2018/12/18/hello-world/"/>
    <id>https://gsl201600.github.io/2018/12/18/hello-world/</id>
    <published>2018-12-18T06:44:28.000Z</published>
    <updated>2018-12-19T03:24:29.182Z</updated>
    
    <content type="html"><![CDATA[<p>我的第一条博客“Hello World”<br>My first blog “Hello World”<br>博客试运行中…</p>]]></content>
    
    <summary type="html">
    
      
      
        &lt;p&gt;我的第一条博客“Hello World”&lt;br&gt;My first blog “Hello World”&lt;br&gt;博客试运行中…&lt;/p&gt;

      
    
    </summary>
    
    
      <category term="代码库" scheme="https://gsl201600.github.io/tags/%E4%BB%A3%E7%A0%81%E5%BA%93/"/>
    
  </entry>
  
</feed>
